{"Unnamed: 1": {"min": NaN, "max": NaN, "mean": NaN}, "util_ratio": {"min": 0.0, "max": 1.0929557681400022, "mean": 0.3213119237986101}, "age": {"min": 21.0, "max": 90.0, "mean": 52.39640207678591}, "late_30_59": {"min": 0.0, "max": 19.0, "mean": 0.2513915844851876}, "income(M)": {"min": 0.0, "max": 7727000.0, "mean": 6566.861048441918}, "open_lines": {"min": 0.0, "max": 34.0, "mean": 8.447395643478519}, "late_90_plus": {"min": 0.0, "max": 18.0, "mean": 0.09220417130528162}, "realEstate_lines": {"min": 0.0, "max": 10.0, "mean": 1.0107878584869412}, "late_60_89": {"min": 0.0, "max": 9.0, "mean": 0.06372225451464489}, "dependents": {"min": 0.0, "max": 43.0, "mean": 0.7491502714205491}, "income_missing": {"min": 0.0, "max": 1.0, "mean": 0.19805325950957114}, "dependents_missing": {"min": 0.0, "max": 1.0, "mean": 0.025871156517541353}, "monthly_debt": {"min": 0.0, "max": 268326.0, "mean": 1932.2012676387496}, "debt_is_absolute": {"min": 0.0, "max": 1.0, "mean": 0.20506783050747268}, "high_debt_ratio_flag": {"min": 0.0, "max": 1.0, "mean": 0.02722087031910387}, "debt_ratio_cleaned": {"min": 0.0, "max": 2.0, "mean": 0.32654206450060586}, "high_util_flag": {"min": 0.0, "max": 1.0, "mean": 0.13496152823069268}, "income_per_dependent": {"min": 0.0, "max": 4137001.0, "mean": 4697.90712410863}, "late_payment_score": {"min": 0.0, "max": 61.0, "mean": 0.6554486074303223}, "monthly_cash_flow": {"min": -262926.0, "max": 7723500.001261, "mean": 4634.659780803168}, "util_debt_impact": {"min": 0.0, "max": 30272.630273268, "mean": 666.1055779236062}}